AEFI reporting rate per 1000 doses,2.2
Total AEFI reports received,"85,714"
Total Doses administered,"39,106,606"
Total reports for Vaxzevria (AstraZeneca) vaccine,"41,598"
Total reports for Comirnaty (Pfizer),"41,762"
Total reports for Spikevax (Moderna),"2,013"
Total reports for TTS,166
Total death reports due to TTS,8
Total reports for Guillain-Barre Syndrome (GBS),156 suspected
Total reports for myocarditis,730 suspected cases [ f ]
Total reports for pericarditis,"1,544 suspected cases [ f ]"
Total reports for Immune thrombocytopenia (ITP),93 suspected cases [ f ]
Total death reports due to ITP,1
Total death reports,686
